id_municipio,media_acessos_pre,pct_fibra_pre,populacao,domicilios,pib,pib_per_capita,penetracao_bl,alta_conectividade,conectividade_q75,conectividade_q25,alta_fibra
1100023,19923.5,0.0,96833,34784,3209761000,33147.387770698006,0.5727777138914444,1,1,1,0
1100049,14243.272727272728,0.0,86887,31931,2792383000,32138.098910078606,0.446064098439533,1,0,1,0
1100114,9380.636363636364,0.0,50591,18957,1765089000,34889.38744045384,0.4948375989679994,1,1,1,0
1100122,23201.772727272728,0.0,124333,45034,4231113000,34030.490698366484,0.515205682978921,1,1,1,0
1100205,123065.72727272728,0.0,460434,152021,20059522000,43566.55242662357,0.8095310994713052,1,1,1,0
1100288,6312.363636363636,0.0,56406,21004,1565194000,27748.714675743715,0.3005315004934125,1,0,1,0
1100304,17285.81818181818,0.0,95832,35022,4215046000,43983.700642791555,0.493570275307469,1,1,1,0
1200203,6516.909090909091,0.0,91888,26747,2058630000,22403.687097335885,0.2436500949979097,0,0,1,0
1200401,77254.27272727272,0.0,364756,123919,10955675000,30035.626555834584,0.6234255661139351,1,1,1,0
1301209,557.6818181818181,0.0,70616,17580,3380278000,47868.443412257846,0.03172251525493846,0,0,0,0
1301704,466.22727272727275,0.0,57473,14441,860168000,14966.47121256938,0.03228497145123418,0,0,0,0
1301852,1754.6818181818182,0.0,61163,17812,1001862000,16380.197178032471,0.09851121817773513,0,0,0,0
1301902,5731.772727272727,0.0,103598,27724,2350463000,22688.304793528834,0.2067440747104576,0,0,1,0
1302504,5758.454545454545,0.0,101883,26901,1544675000,15161.26340998989,0.21406098455278783,0,0,1,0
1302603,418557.13636363635,0.0,2063689,630577,103281436000,50046.996422426055,0.6637684792874404,1,1,1,0
1302702,1380.3636363636363,0.0,53914,12193,686279000,12729.142708758392,0.11320951663771314,0,0,0,0
1302900,708.6818181818181,0.0,61204,13294,595827000,9735.099013136396,0.053308396132226425,0,0,0,0
1303403,599.4545454545455,0.0,96372,23919,1426984000,14807.03938903416,0.02506185649293639,0,0,0,0
1303809,385.09090909090907,0.0,51795,10653,423054000,8167.8540399652475,0.03614858810578326,0,0,0,0
1304062,315.5,0.0,66764,13881,758036000,11353.963213707986,0.022728910020891866,0,0,0,0
1304203,359.59090909090907,0.0,73669,17469,1098392000,14909.826385589597,0.020584515947730784,0,0,0,0
1400100,69245.18181818182,0.0,413486,119466,13493364000,32633.182260100704,0.5796225019518677,1,1,1,0
1500107,7897.0,0.0,158188,43050,1949341000,12322.938528839102,0.18343786295005807,0,0,1,0
1500206,672.0,0.0,59023,17071,1433440000,24286.125747589922,0.0393650049792045,0,0,0,0
1500404,984.1818181818181,0.0,69377,17933,745403000,10744.238003949436,0.05488104712997369,0,0,0,0
1500602,12536.0,0.0,126279,41303,3120219000,24708.930225928303,0.30351306200518124,1,0,1,0
1500800,52865.86363636364,0.0,478778,154984,8939830000,18672.182096921748,0.3411052988460979,1,0,1,0
1501204,319.09090909090907,0.0,51641,12125,562147000,10885.672237175888,0.026316776007497655,0,0,0,0
1501303,9633.954545454546,0.0,126650,38015,9243937000,72988.05369127517,0.2534250834000933,0,0,1,0
1501402,244718.5,0.0,1303403,423268,33467126000,25676.729300147384,0.5781644253758847,1,1,1,0
1501501,1861.6818181818182,0.0,63567,20509,1986729000,31254.094105432065,0.09077389527435849,0,0,0,0
1501709,5377.545454545455,0.0,123082,37091,1389573000,11289.814920134544,0.14498248778802014,0,0,1,0
1501808,3934.909090909091,0.0,106968,24366,893933000,8357.013312392492,0.16149179557207136,0,0,1,0
1502103,956.0454545454545,0.0,134184,33337,1393690000,10386.40970607524,0.028678209033369966,0,0,0,0
1502152,10759.181818181818,0.0,77079,24384,34989610000,453944.7839229881,0.44123941183488424,1,0,1,0
1502202,6178.954545454545,0.0,70394,23079,1427144000,20273.659686905135,0.26773060121558756,0,0,1,0
1502301,3389.2272727272725,0.0,56506,18226,615773000,10897.47991363749,0.18595562782438674,0,0,1,0
1502400,25778.727272727272,0.0,192256,63870,4709312000,24495.006657789614,0.4036124514283274,1,0,1,0
1502939,2698.6363636363635,0.0,58484,15363,940611000,16083.219342042268,0.17565816335587864,0,0,1,0
1503309,373.45454545454544,0.0,64831,16941,691233000,10662.07524178248,0.02204442154858305,0,0,0,0
1503606,7752.181818181818,0.0,123314,36511,3078558000,24965.194544009602,0.21232455474190842,0,0,1,0
1503903,906.4090909090909,0.0,50881,12360,1451756000,28532.379473673867,0.07333406884377758,0,0,0,0
1504208,23082.727272727272,0.0,266533,86077,13523145000,50737.225784424445,0.2681637054349858,1,0,1,0
1504422,1937.6818181818182,0.0,111785,35900,2578541000,23066.967840050096,0.053974423904786024,0,0,0,0
1504703,1619.2272727272727,0.0,84094,25047,1348481000,16035.400860941327,0.06464755350849494,0,0,0,0
1504802,3049.5454545454545,0.0,60012,18338,807340000,13452.976071452376,0.16629651295372747,0,0,1,0
1505064,463.3181818181818,0.0,60732,18562,1117034000,18392.840677073043,0.024960574389515235,0,0,0,0
1505106,1024.7272727272727,0.0,52229,14612,965930000,18494.131612705583,0.07012915909713063,0,0,0,0
1505304,1662.5454545454545,0.0,68294,17966,2278575000,33364.20476176531,0.09253843117808386,0,0,0,0
1505502,9137.772727272728,0.0,105550,33025,4280508000,40554.315490288966,0.276692588259583,1,0,1,0
1505536,33174.77272727273,0.0,267836,87739,49763040000,185796.68155139714,0.3781074861495199,1,0,1,0
1505809,1267.590909090909,0.0,62503,13292,945733000,15131.001711917828,0.09536494952534676,0,0,0,0
1506138,12950.545454545454,0.0,85597,28038,2552479000,29819.72499036181,0.4618926262410106,1,0,1,0
1506187,2071.4545454545455,0.0,53143,15362,734050000,13812.731686205145,0.13484276431809306,0,0,1,0
1506500,5606.545454545455,0.0,73019,21501,935129000,12806.653062901436,0.26075742777291544,0,0,1,0
1506807,23299.81818181818,0.0,331942,95646,6390528000,19251.941604256164,0.243604731842609,0,0,1,0
1507300,3577.409090909091,0.0,65418,20861,2009122000,30712.067015194596,0.17148790043186285,0,0,1,0
1507607,1889.2272727272727,0.0,52894,16402,793139000,14994.876545543919,0.1151827382469987,0,0,0,0
1507953,2749.681818181818,0.0,72493,21612,1291722000,17818.575586608364,0.1272294011744317,0,0,1,0
1508001,6280.409090909091,0.0,67585,19852,1040635000,15397.42546423023,0.3163615298664664,1,0,1,0
1508100,2049.0,0.0,91306,27451,5614501000,61491.04111449412,0.07464208954136461,0,0,0,0
1508209,878.3636363636364,0.0,50832,15796,476787000,9379.662417374882,0.055606712861714126,0,0,0,0
1508308,767.8181818181819,0.0,58692,16256,618568000,10539.221699720576,0.04723290980672871,0,0,0,0
1508407,6584.454545454545,0.0,52893,17953,1605020000,30344.658083300248,0.3667606831980474,1,0,1,0
1600303,87523.59090909091,0.0,442933,123597,12938060000,29209.970808226073,0.7081368553370301,1,1,1,0
1600600,16440.363636363636,0.0,107618,28816,2512717000,23348.48259584828,0.5705289990409368,1,1,1,0
1702109,19099.863636363636,0.0,171301,57656,5239050000,30583.884507387582,0.33127278403572286,1,0,1,0
1709500,5914.954545454545,0.0,85125,30601,2648420000,31112.129221732746,0.1932928513922599,0,0,1,0
1716109,3337.0454545454545,0.0,52360,18312,1513693000,28909.339190221544,0.18223271376941103,0,0,1,0
1718204,7350.545454545455,0.0,64418,21378,3649421000,56652.19348629265,0.34383690965223385,1,0,1,0
1721000,68770.04545454546,0.0,302692,106168,10333419000,34138.39480395914,0.6477473952089655,1,1,1,0
2100055,23746.590909090908,0.0,106550,34410,3828780000,35934.115438761146,0.6901072626879078,1,1,1,0
2101202,6191.090909090909,0.0,103711,32910,1514711000,14605.114211607255,0.18812187508632358,0,0,1,0
2101400,8886.045454545454,0.0,101767,30888,6307610000,61980.89754046007,0.28768600927691834,1,0,1,0
2101608,5539.772727272727,0.0,84532,27100,889327000,10520.59575072162,0.20441965783294197,0,0,1,0
2101707,2294.2727272727275,0.0,65589,18002,635796000,9693.63765265517,0.12744543535566757,0,0,1,0
2102325,4336.863636363636,0.0,55499,16361,748132000,13480.098740517848,0.2650732618032905,0,0,1,0
2103000,7263.227272727273,0.0,156973,48216,2112941000,13460.537799494181,0.15063935773866088,0,0,1,0
2103208,1166.909090909091,0.0,81386,23983,894509000,10990.944388469761,0.04865567655877459,0,0,0,0
2103307,6813.409090909091,0.0,114275,34903,1648786000,14428.230146576241,0.19520984130043523,0,0,1,0
2103604,2484.681818181818,0.0,59566,18900,533670000,8959.30564415942,0.13146464646464645,0,0,1,0
2104800,4029.8636363636365,0.0,73872,21794,1149837000,15565.261533463288,0.18490702194932718,0,0,1,0
2105302,36906.318181818184,0.0,273110,90451,7693511000,28170.00842151514,0.40802554069958524,1,0,1,0
2105401,991.8636363636364,0.0,60440,18890,772940000,12788.5506287227,0.052507339140478365,0,0,0,0
2107506,7817.409090909091,0.0,145643,47955,1240527000,8517.587525662064,0.16301551644060247,0,0,1,0
2108603,1268.3636363636363,0.0,84621,26163,1040054000,12290.731615083727,0.0484792889333653,0,0,0,0
2109908,10663.363636363636,0.0,85014,26904,1466090000,17245.277248453196,0.3963486335252615,1,0,1,0
2110005,1804.6363636363637,0.0,57635,17062,743553000,12901.067059946214,0.10576933323387433,0,0,0,0
2111201,16454.31818181818,0.0,244579,81090,2293966000,9379.243516409831,0.20291427033935355,0,0,1,0
2111300,206337.4090909091,0.0,1037775,348986,36535226000,35205.34412565344,0.5912483855825422,1,1,1,0
2112209,14881.318181818182,0.0,174465,54222,2320942000,13303.195483334766,0.274451665040356,1,0,1,0
2112506,1492.5454545454545,0.0,53356,14794,546267000,10238.155034110503,0.10088856661791636,0,0,0,0
2112803,1326.7272727272727,0.0,51442,15795,490490000,9534.81590917927,0.08399666177443955,0,0,0,0
2203909,14354.0,0.0,62036,20957,1469174000,23682.60364949384,0.684926277616071,1,1,1,0
2207702,25488.772727272728,0.0,162159,51580,2968947000,18308.863522838696,0.49415999859001025,1,1,1,0
2208007,17825.31818181818,0.0,83090,28852,1940259000,23351.293777831266,0.6178191522881665,1,1,1,0
2208403,7398.818181818182,0.0,65538,21728,916771000,13988.388415880863,0.3405199825947249,1,0,1,0
2211001,188883.18181818182,0.0,866300,279986,23895231000,27583.090153526493,0.6746165230339439,1,1,1,0
2300200,3564.5454545454545,0.0,65264,20980,1020201000,15631.910394704584,0.1699020712366756,0,0,1,0
2301000,10405.363636363636,0.0,80645,27792,3854310000,47793.539587079176,0.3744013973936254,1,0,1,0
2301109,15813.90909090909,0.0,75113,26035,1706691000,22721.646053279725,0.6074096059500322,1,1,1,0
2301901,12177.727272727272,0.0,75033,24152,1345205000,17928.178268228647,0.5042119606130868,1,1,1,0
2302206,7880.318181818182,0.0,53114,18262,1059006000,19938.35900139323,0.43151452096255516,1,0,1,0
2302404,5336.727272727273,0.0,50411,18101,539218000,10696.435301819047,0.2948305216688179,1,0,1,0
2302503,9523.545454545454,0.0,51090,17033,817034000,15992.053239381483,0.5591231993509924,1,1,1,0
2302602,9544.727272727272,0.0,62326,20378,839500000,13469.499085453903,0.4683839077793342,1,0,1,0
2302800,5505.590909090909,0.0,74174,25285,911356000,12286.731199611724,0.21774138457943085,0,0,1,0
2303501,13287.5,0.0,72720,25315,1074377000,14774.161166116612,0.5248864309697807,1,1,1,0
2303709,45924.36363636364,0.0,355679,120728,10414373000,29280.258322813548,0.3803952988235011,1,0,1,0
2304103,10676.227272727272,0.0,76390,27139,952649000,12470.860060217306,0.39339059186879666,1,0,1,0
2304202,27062.227272727272,0.0,131050,44629,1871587000,14281.472720335749,0.6063821119166298,1,1,1,0
2304285,11464.181818181818,0.0,74170,25106,3577747000,48237.117432924366,0.45663115662319037,1,0,1,0
2304400,573191.4545454546,0.0,2428708,860747,73436128000,30236.70527704442,0.665923267284643,1,1,1,0
2304707,2205.5,0.0,53344,17097,469407000,8799.621325734854,0.1289992396326841,0,0,1,0
2305233,13544.0,0.0,74755,25624,2117193000,28321.75774195706,0.5285669684670621,1,1,1,0
2305407,8553.545454545454,0.0,62642,21428,737489000,11773.075572299735,0.39917609924143427,1,0,1,0
2305506,22050.5,0.0,98064,34997,1904815000,19424.20256159243,0.6300682915678487,1,1,1,0
2306256,5963.636363636364,0.0,64650,19523,1258826000,19471.39984532096,0.30546721116817926,1,0,1,0
2306405,18597.954545454544,0.0,131123,41598,1784007000,13605.599322773274,0.44708770963638983,1,0,1,0
2307304,68091.36363636363,0.0,286120,97415,5114793000,17876.391024744862,0.6989823295833664,1,1,1,0
2307601,12206.818181818182,0.0,59560,21451,1423366000,23898.018804566822,0.5690559033060548,1,1,1,0
2307650,35048.22727272727,0.0,234509,79716,12337017000,52607.86153196679,0.4396636468554277,1,0,1,0
2307700,10990.40909090909,0.0,105093,35080,1649528000,15695.888403604427,0.3132955841194153,1,0,1,0
2308708,9763.772727272728,0.0,61443,22683,1276864000,20781.276955877805,0.43044450589748834,1,0,1,0
2309607,13067.09090909091,0.0,70983,24057,1360520000,19166.842765169124,0.5431720875042986,1,1,1,0
2309706,4188.045454545455,0.0,81524,27105,1235158000,15150.85128305775,0.15451191494356964,0,0,1,0
2311306,15247.272727272728,0.0,84168,28987,1109869000,13186.353483509172,0.5260038198941845,1,1,1,0
2311405,14051.818181818182,0.0,82177,28629,1402461000,17066.34459763681,0.4908246247447757,1,1,1,0
2311801,13215.954545454546,0.0,72928,26425,1158523000,15885.846314172883,0.5001307301969554,1,1,1,0
2312403,8839.454545454546,0.0,54143,17970,8633637000,159459.89324566425,0.4919006424849497,1,1,1,0
2312908,43834.86363636364,0.0,203023,68048,5395130000,26573.984228387915,0.6441756353803733,1,1,1,0
2313302,8255.863636363636,0.0,61227,21122,711836000,11626.177993368938,0.39086562050769985,1,0,1,0
2313401,10223.09090909091,0.0,81506,25661,1732690000,21258.4349618433,0.39839019948914345,1,0,1,0
2313500,2870.590909090909,0.0,58415,18914,1115144000,19090.028246169648,0.1517706941467119,0,0,1,0
2314102,3140.9545454545455,0.0,59712,18277,603321000,10103.848472668811,0.17185285032853015,0,0,1,0
2400208,12587.454545454546,0.0,56496,19255,1467571000,25976.547012177853,0.653723944193952,1,1,1,0
2402006,12835.40909090909,0.0,61146,22080,1394849000,22811.778366532562,0.5813138175230567,1,1,1,0
2402600,9612.181818181818,0.0,79115,24956,1002205000,12667.698919294698,0.38516516341488294,1,0,1,0
2403251,81498.0,0.0,252716,90196,6845403000,27087.33519049051,0.9035655683178855,1,1,1,0
2403608,13320.59090909091,0.0,61635,20483,570425000,9254.887645006895,0.6503242156466782,1,1,1,0
2407104,9990.954545454546,0.0,82249,28224,1828152000,22227.0422740702,0.35398790197897345,1,0,1,0
2408003,59512.90909090909,0.0,264577,92500,8071762000,30508.1772036118,0.643382800982801,1,1,1,0
2408102,219330.81818181818,0.0,751300,270507,24186262000,32192.54891521363,0.8108138354342703,1,1,1,0
2412005,21226.045454545456,0.0,115838,39842,1905023000,16445.5791709111,0.532755520670284,1,1,1,0
2501807,11231.318181818182,0.0,82742,28069,1366842000,16519.325131130503,0.400132465774277,1,0,1,0
2503209,16336.545454545454,0.0,66519,22814,3152546000,47393.16586238518,0.7160754560596763,1,1,1,0
2503704,6646.181818181818,0.0,63239,22359,1231740000,19477.53759547115,0.29724861658311275,1,0,1,0
2504009,87055.77272727272,0.0,419379,147205,10373107000,24734.445453873464,0.591391411482441,1,1,1,0
2506301,5353.454545454545,0.0,57484,19758,1790168000,31142.022127896456,0.27095123724337206,1,0,1,0
2507507,223427.9090909091,0.0,833932,296743,22244284000,26673.978214051025,0.7529340509832047,1,1,1,0
2510808,20833.954545454544,0.0,103165,36327,1993586000,19324.247564581012,0.5735115628996214,1,1,1,0
2513703,17182.409090909092,0.0,149910,49565,2616825000,17455.97358415049,0.34666416001027117,1,0,1,0
2515302,1327.909090909091,0.0,51306,16913,675778000,13171.519900206604,0.07851410695376876,0,0,0,0
2516201,9468.545454545454,0.0,67259,22591,1318529000,19603.75563121664,0.4191290980720399,1,0,1,0
2600054,5109.5,0.0,98462,34686,1724258000,17511.913225406755,0.1473072709450499,0,0,1,0
2601102,8423.0,0.0,85088,27502,1272092000,14950.310267017676,0.30626863500836304,1,0,1,0
2601201,6274.454545454545,0.0,77742,27700,1215383000,15633.544287515115,0.22651460452904496,0,0,1,0
2601706,12395.636363636364,0.0,79507,29211,2765036000,34777.264894914915,0.4243482374323496,1,0,1,0
2601904,9349.454545454546,0.0,61694,23809,962826000,15606.47712905631,0.39268572999515083,1,0,1,0
2602803,1596.7272727272727,0.0,52097,17133,549015000,10538.322744111945,0.09319601194929508,0,0,0,0
2602902,12765.863636363636,0.0,203440,71791,13706389000,67373.12721195439,0.17781983307606297,0,0,1,0
2603454,4132.272727272727,0.0,147771,53411,2229680000,15088.752190889958,0.07736744729124576,0,0,0,0
2604007,8242.40909090909,0.0,79293,27711,1744915000,22005.914771795746,0.29744177730536936,1,0,1,0
2604106,46765.954545454544,0.0,378048,138573,8663525000,22916.46827916032,0.33748244279516604,1,0,1,0
2605202,6202.454545454545,0.0,59891,21056,1306431000,21813.4778180361,0.2945694597955236,1,0,1,0
2606002,13632.59090909091,0.0,142506,49046,3077112000,21592.859248031662,0.2779552034639096,1,0,1,0
2606200,3118.2272727272725,0.0,81055,28005,10662964000,131552.20529270248,0.11134537663728879,0,0,0,0
2606408,13401.90909090909,0.0,86516,32091,1359681000,15715.948495076056,0.4176220463964691,1,0,1,0
2606804,6441.409090909091,0.0,115196,40539,3471427000,30134.961283377896,0.15889412888598858,0,0,1,0
2607208,10804.272727272728,0.0,98932,33225,14929346000,150905.12675372983,0.32518503317600383,1,0,1,0
2607901,41226.545454545456,0.0,644037,235331,16133556000,25050.666343703855,0.17518535787697098,0,0,1,0
2608909,6098.818181818182,0.0,56510,20204,838343000,14835.303486108653,0.30186191753208186,1,0,1,0
2609402,1963.2272727272727,0.0,55292,19674,892506000,16141.68414960573,0.09978790651251768,0,0,0,0
2609600,39789.36363636364,0.0,349976,127451,5788250000,16538.99124511395,0.31219342050171156,1,0,1,0
2609907,2982.0454545454545,0.0,65245,21500,780513000,11962.801747260326,0.1386997885835095,0,0,1,0
2610004,2381.2272727272725,0.0,54584,18433,924146000,16930.712296643705,0.12918283907813555,0,0,1,0
2610608,2248.6363636363635,0.0,56665,18920,926328000,16347.445513103326,0.11884970209494522,0,0,0,0
2610707,25347.0,0.0,342167,124430,5591652000,16341.879842299228,0.2037048943180905,0,0,1,0
2610905,9341.363636363636,0.0,62722,22040,869651000,13865.16692707503,0.42383682560633557,1,0,1,0
2611101,41883.09090909091,0.0,386791,128460,7994036000,20667.585336783948,0.3260399416868357,1,0,1,0
2611606,239801.04545454544,0.0,1488920,548030,54970305000,36919.58265051178,0.4375691941217551,1,0,1,0
2612208,7295.090909090909,0.0,62372,20407,1002105000,16066.584364779068,0.3574798308958156,1,0,1,0
2612505,9116.954545454546,0.0,98254,34769,1925734000,19599.54811000061,0.26221503481418923,0,0,1,0
2613701,2506.9545454545455,0.0,111249,39436,1444200000,12981.68972305369,0.06357020350579536,0,0,0,0
2613909,12009.227272727272,0.0,92228,32437,1693347000,18360.443683046364,0.370232366517473,1,0,1,0
2614501,4304.772727272727,0.0,64120,22734,915558000,14278.82096069869,0.18935395123043577,0,0,1,0
2616407,19539.31818181818,0.0,134084,48348,4551843000,33947.69696608096,0.4041391201666704,1,0,1,0
2700300,15041.09090909091,0.0,234696,77882,5915938000,25206.812216654736,0.193126664814603,0,0,1,0
2702306,1770.1818181818182,0.0,50414,16420,1782442000,35356.09156186773,0.10780644446905105,0,0,0,0
2702405,4687.136363636364,0.0,51318,17133,673800000,13129.895942943996,0.2735735926945873,1,0,1,0
2704302,154247.81818181818,0.0,957916,336115,27484016000,28691.467727859228,0.45891381872816794,1,0,1,0
2704708,4957.590909090909,0.0,60370,19633,3409483000,56476.44525426537,0.2525131619768201,0,0,1,0
2706307,4332.181818181818,0.0,71574,24458,1181478000,16507.08357783553,0.1771273946431359,0,0,1,0
2706703,1546.1363636363637,0.0,58650,19623,983851000,16774.953111679453,0.07879204829212474,0,0,0,0
2707701,7184.227272727273,0.0,93927,31240,1422909000,15149.094509565939,0.229968862763357,0,0,1,0
2708600,2139.9545454545455,0.0,51990,16954,1372933000,26407.636083862282,0.126221218913209,0,0,1,0
2709301,2570.3636363636365,0.0,59280,19992,1416031000,23887.162618083672,0.12856960966204664,0,0,1,0
2800308,157969.0909090909,0.0,602757,218848,18405678000,30535.817916672888,0.7218210397586038,1,1,1,0
2802106,5550.863636363636,0.0,65078,23229,2126563000,32677.1412766219,0.2389626603109749,0,0,1,0
2802908,12188.227272727272,0.0,103440,37892,2213275000,21396.703402938903,0.32165700603629455,1,0,1,0
2803500,10626.954545454546,0.0,101579,36758,1798319000,17703.649376347472,0.2891058965518947,1,0,1,0
2804805,27718.954545454544,0.0,192330,67123,3232698000,16808.07986273592,0.41295762325066737,1,0,1,0
2806701,17356.727272727272,0.0,95612,33342,1031740000,10790.904907333808,0.5205664708993843,1,1,1,0
2807402,4021.4545454545455,0.0,50905,18576,655791000,12882.644141047049,0.21648657113773392,0,0,1,0
2900702,19542.227272727272,0.0,151055,55611,4532743000,30007.235775048823,0.3514093843435161,1,0,1,0
2902708,5651.727272727273,0.0,51092,15517,430649000,8428.89297737415,0.36422809001271333,1,0,1,0
2903201,18095.636363636364,0.0,159734,54440,7006121000,43861.1754541926,0.33239596553336453,1,0,1,0
2903904,1862.2272727272727,0.0,65550,20980,1357879000,20715.163996948893,0.08876202443885953,0,0,0,0
2904605,6358.272727272727,0.0,70510,24543,1783351000,25292.171323216564,0.2590666474054813,0,0,1,0
2905206,5863.181818181818,0.0,52012,17678,1098650000,21123.01007459817,0.33166544960865585,1,0,1,0
2905701,41023.72727272727,0.0,300372,110068,33971705000,113098.77418667519,0.3727125710717672,1,0,1,0
2906006,4865.772727272727,0.0,71377,24328,2072637000,29037.883351779987,0.2000070999372216,0,0,1,0
2906501,14054.90909090909,0.0,72382,26464,6819267000,94212.19363930258,0.5310954160712322,1,1,1,0
2907202,4719.136363636364,0.0,72086,23425,875278000,12142.135782260078,0.20145726205491415,0,0,1,0
2908408,2353.7272727272725,0.0,67825,24349,884633000,13042.875046074456,0.0966662808627571,0,0,0,0
2909802,8643.40909090909,0.0,60348,21739,1042406000,17273.248492079274,0.39759920377704083,1,0,1,0
2910057,3854.090909090909,0.0,71485,25868,3050432000,42672.336853885434,0.14899067995557866,0,0,1,0
2910701,3351.5454545454545,0.0,61456,21753,795415000,12942.83715178339,0.15407279246749664,0,0,1,0
2910727,11108.181818181818,0.0,113710,41421,3203016000,28168.2877495383,0.26817753840278646,1,0,1,0
2910800,65765.22727272728,0.0,616272,221711,17282198000,28043.133551418854,0.29662591063468785,1,0,1,0
2911709,12214.09090909091,0.0,87817,30389,1654710000,18842.70699295125,0.4019247395139988,1,0,1,0
2913606,26209.590909090908,0.0,178649,66640,5163623000,28903.733018376817,0.39330118411000764,1,0,1,0
2914000,4690.045454545455,0.0,56876,21231,664915000,11690.607637667908,0.2209055369292758,0,0,1,0
2914604,14378.09090909091,0.0,74507,26010,1532414000,20567.38293046291,0.5527908846247946,1,1,1,0
2914703,10091.227272727272,0.0,65073,23517,996855000,15319.02632428196,0.4291035111930634,1,0,1,0
2914802,29684.31818181818,0.0,186708,72012,4200814000,22499.37870900015,0.41221349472057683,1,0,1,0
2915601,7493.818181818182,0.0,59605,21781,1111051000,18640.23152420099,0.34405299030431025,1,0,1,0
2916401,3527.7272727272725,0.0,65897,24070,1467062000,22262.95582499962,0.14656116629527513,0,0,1,0
2917508,24025.090909090908,0.0,82590,30930,1867866000,22616.1278605158,0.7767568997442906,1,1,1,0
2918001,22758.0,0.0,158813,57873,3176446000,20001.171188756587,0.3932403711575346,1,0,1,0
2918407,21707.772727272728,0.0,237821,78868,5181529000,21787.516661690937,0.2752418309995528,1,0,1,0
2919207,35617.13636363636,0.0,203331,75333,7322778000,36014.07557135902,0.4727959375524187,1,0,1,0
2919553,11332.681818181818,0.0,107909,36406,8820648000,81741.5414840282,0.31128610169152937,1,0,1,0
2924009,14844.0,0.0,112870,38799,3965326000,35131.79764330646,0.38258718008196085,1,0,1,0
2925303,22777.090909090908,0.0,168326,60464,3767887000,22384.462293406843,0.3767049965118237,1,0,1,0
2926608,636.6818181818181,0.0,54010,19308,716571000,13267.376411775596,0.03297502683767444,0,0,0,0
2927408,489987.36363636365,0.0,2417678,959423,62954487000,26039.235580586,0.5107104620551766,1,1,1,0
2928604,5304.0,0.0,56012,20751,1137909000,20315.450260658432,0.2556021396559202,0,0,1,0
2928703,17211.409090909092,0.0,103055,38307,2450763000,23781.116879336278,0.4493019315245018,1,0,1,0
2928802,4171.136363636364,0.0,52276,17426,914071000,17485.48090902135,0.23936281209895352,0,0,1,0
2930105,19141.136363636364,0.0,74523,26913,998686000,13401.043973001624,0.7112226940005337,1,1,1,0
2930501,3677.9545454545455,0.0,80435,28910,1086778000,13511.257537141792,0.12722084211188328,0,0,1,0
2930709,9515.863636363636,0.0,114559,42216,6334359000,55293.420857374804,0.22540893586231847,0,0,1,0
2931350,22209.272727272728,0.0,145216,52564,2875867000,19804.064290436316,0.42251869582361934,1,0,1,0
2932903,13051.772727272728,0.0,85655,32325,1740635000,20321.46401260872,0.40376713773465517,1,0,1,0
2933307,64712.40909090909,0.0,370879,129166,8215793000,22152.219457019673,0.5010018820038484,1,1,1,0
3101607,25465.272727272728,0.0,78970,29136,3485867000,44141.661390401416,0.8740140282562029,1,1,1,0
3103504,25643.727272727272,0.0,117808,44115,5837823000,49553.70603015075,0.5812926957435628,1,1,1,0
3104007,30233.18181818182,0.0,111691,40350,8950863000,80139.51885111602,0.749273403176749,1,1,1,0
3105608,38894.86363636364,0.0,125317,46700,3523135000,28113.783445183017,0.832866459022776,1,1,1,0
3106200,842257.5454545454,0.0,2315560,890126,105829675000,45703.70666275113,0.946222833008524,1,1,1,0
3106705,90476.45454545454,0.0,411846,146913,33132919000,80449.77734395866,0.6158505683326495,1,1,1,0
3107406,13801.045454545454,0.0,51737,19174,1814096000,35063.80346753774,0.7197791516921589,1,1,1,0
3111200,10590.40909090909,0.0,52277,19818,1244647000,23808.692159075694,0.5343833429664492,1,1,1,0
3113404,14317.40909090909,0.0,87360,32690,2283288000,26136.53846153846,0.4379751939709113,1,0,1,0
3115300,19997.545454545456,0.0,66261,25420,1651609000,24925.808544996304,0.7866855017523783,1,1,1,0
3118007,14422.09090909091,0.0,52890,17990,4115644000,77815.1635469843,0.8016726464197281,1,1,1,0
3118304,40931.36363636364,0.0,131621,47613,3118549000,23693.3999893634,0.8596678141760368,1,1,1,0
3118601,147545.5,0.0,621863,228867,36479765000,58662.06061463698,0.6446779133732692,1,1,1,0
3119401,19055.5,0.0,104736,38446,1996019000,19057.62106630003,0.495643239868907,1,1,1,0
3120904,7239.363636363636,0.0,80665,29793,2230617000,27652.848199342963,0.2429887435425649,0,0,1,0
3122306,66572.04545454546,0.0,231091,87127,8331346000,36052.23050659697,0.7640805428230681,1,1,1,0
3124104,14629.772727272728,0.0,85598,30209,973105000,11368.31468024954,0.48428523709069243,1,0,1,0
3125101,13778.545454545454,0.0,53482,18337,13651225000,255248.96226767884,0.7514067434446995,1,1,1,0
3126109,15189.454545454546,0.0,68248,26174,2214110000,32442.12284609073,0.5803260695902249,1,1,1,0
3127107,13823.272727272728,0.0,58588,23094,2473118000,42212.022939851166,0.5985655463441901,1,1,1,0
3127701,77405.40909090909,0.0,257171,97817,7382837000,28707.890858611587,0.791328798582139,1,1,1,0
3128709,16238.818181818182,0.0,50911,19121,2806366000,55122.97931684705,0.849266156676857,1,1,1,0
3129806,22321.18181818182,0.0,170537,58779,3203506000,18784.815025478343,0.37974755981186853,1,0,1,0
3131307,64855.86363636364,0.0,227731,85740,17609177000,77324.46175531657,0.7564248149797486,1,1,1,0
3131703,31968.31818181818,0.0,113343,39754,14971929000,132093.98904211112,0.8041534985616084,1,1,1,0
3131901,13168.454545454546,0.0,53365,18156,13139828000,246225.5785627284,0.7252949187846742,1,1,1,0
3132404,28787.136363636364,0.0,93073,33640,3288441000,35331.8470447928,0.8557412712139228,1,1,1,0
3133808,26050.636363636364,0.0,97669,36847,5084952000,52063.11112021215,0.7069947719932793,1,1,1,0
3134202,28739.81818181818,0.0,102217,39997,3797932000,37155.580774235204,0.7185493457463855,1,1,1,0
3135100,5684.909090909091,0.0,70699,24301,1603651000,22682.796079152464,0.23393724912180944,0,0,1,0
3135209,5665.136363636364,0.0,65150,21471,824599000,12656.93016116654,0.26385060610294647,0,0,1,0
3136207,21593.772727272728,0.0,80187,29269,4851241000,60499.09586341926,0.7377694054211872,1,1,1,0
3136702,195878.77272727274,0.0,540756,211058,20297559000,37535.522490735195,0.9280803036476832,1,1,1,0
3137205,9462.818181818182,0.0,51412,18405,1986274000,38634.443320625534,0.5141438838260354,1,1,1,0
3137601,16424.727272727272,0.0,75145,27446,2189391000,29135.551267549403,0.5984379243870609,1,1,1,0
3138203,21388.045454545456,0.0,104761,38941,2941931000,28082.31116541461,0.5492423269701717,1,1,1,0
3138401,5911.363636363636,0.0,51145,19200,1113027000,21762.18594192981,0.3078835227272727,1,0,1,0
3139409,15404.227272727272,0.0,91886,33290,3278527000,35680.375682911435,0.4627283650563915,1,0,1,0
3140001,11823.863636363636,0.0,61387,21739,7367378000,120015.28010816622,0.5439009906786714,1,1,1,0
3143302,65235.09090909091,0.0,414240,144847,10800251000,26072.448339127077,0.4503723992149711,1,0,1,0
3143906,14963.90909090909,0.0,104108,39425,2655056000,25502.90083374957,0.3795538133394823,1,0,1,0
3144805,33101.181818181816,0.0,111697,39830,21042646000,188390.43125598718,0.8310615570721018,1,1,1,0
3145208,28860.954545454544,0.0,105552,37014,2635892000,24972.449598302257,0.7797307652632665,1,1,1,0
3146107,21546.409090909092,0.0,74821,26590,9520035000,127237.47343660203,0.8103200109405451,1,1,1,0
3147006,17054.272727272728,0.0,94023,32752,7198617000,76562.29858651606,0.5207093529333393,1,1,1,0
3147105,27695.363636363636,0.0,97139,35503,4025297000,41438.52623560053,0.7800851656582158,1,1,1,0
3147907,22996.727272727272,0.0,111939,41274,3024709000,27021.047177480592,0.5571722457897774,1,1,1,0
3148004,47804.818181818184,0.0,159235,61122,6145130000,38591.57848462964,0.7821213013615095,1,1,1,0
3148103,22698.545454545456,0.0,89826,31766,3678404000,40950.326186182174,0.7145547268949649,1,1,1,0
3149309,14312.318181818182,0.0,62580,22653,1939056000,30985.234899328858,0.6318067444408326,1,1,1,0
3151206,9579.636363636364,0.0,55606,19095,2875259000,51707.71139805057,0.501682972696327,1,1,1,0
3151800,63607.13636363636,0.0,163742,63192,8531692000,52104.481440314645,1.0065694449239835,1,1,1,0
3152105,18360.045454545456,0.0,57776,21255,2144994000,37126.03849349211,0.8637988922392593,1,1,1,0
3152501,36943.5,0.0,152217,55988,10720093000,70426.384700789,0.6598467528756162,1,1,1,0
3154606,62668.454545454544,0.0,329794,113168,5181711000,15711.962619089492,0.5537647969872627,1,1,1,0
3156700,29099.363636363636,0.0,129380,45821,4201730000,32475.88498995208,0.6350660971249784,1,1,1,0
3157807,52404.90909090909,0.0,219132,75936,5290589000,24143.3884599237,0.6901194307167758,1,1,1,0
3161106,3951.090909090909,0.0,52762,16497,648148000,12284.371327849589,0.23950360120572886,0,0,1,0
3162500,27610.727272727272,0.0,90225,34509,3005052000,33306.20116375727,0.8001022131249028,1,1,1,0
3164704,18781.772727272728,0.0,71796,26693,2236521000,31151.05298345312,0.703621650892471,1,1,1,0
3167202,62191.045454545456,0.0,227397,81994,12659740000,55672.41432384772,0.758482882339506,1,1,1,0
3168606,18271.81818181818,0.0,137418,49897,2951670000,21479.500502117626,0.3661907165123791,1,0,1,0
3168705,20540.81818181818,0.0,81579,30043,5611339000,68784.11110702509,0.6837139493997997,1,1,1,0
3169307,20110.590909090908,0.0,75485,26364,2959361000,39204.62343511956,0.7628049957931614,1,1,1,0
3169406,6703.454545454545,0.0,55255,19297,1879264000,34010.75015835671,0.34738324845595403,1,0,1,0
3169901,20617.909090909092,0.0,103365,39067,3573940000,34575.92028249407,0.5277576750431078,1,1,1,0
3170107,117377.31818181818,0.0,337836,127422,20397519000,60376.984690796715,0.9211699563797318,1,1,1,0
3170206,250490.04545454544,0.0,713224,268162,43129285000,60470.882920372846,0.9340997063511811,1,1,1,0
3170404,12695.09090909091,0.0,86619,31552,4319563000,49868.53923504081,0.4023545546745344,1,0,1,0
3170701,42187.86363636364,0.0,136467,49495,8093810000,59309.64995200305,0.8523661710549275,1,1,1,0
3171204,25428.727272727272,0.0,129246,46010,3020537000,23370.448601890967,0.5526782715220011,1,1,1,0
3171303,14637.09090909091,0.0,76430,29084,1811859000,23706.12325003271,0.5032695265125467,1,1,1,0
3200607,20068.81818181818,0.0,94765,32794,5313106000,56066.12145834433,0.6119661578891925,1,1,1,0
3201209,43250.954545454544,0.0,185786,71000,6146964000,33086.260536315975,0.6091683738796415,1,1,1,0
3201308,68319.90909090909,0.0,353491,130183,13698973000,38753.38551759451,0.5247990067129279,1,1,1,0
3201506,23416.909090909092,0.0,120033,45936,4378306000,36475.85247390301,0.5097724897881638,1,1,1,0
3202405,28701.363636363636,0.0,124656,46759,2537472000,20355.79514824798,0.6138147444633897,1,1,1,0
3203205,32604.727272727272,0.0,166786,58717,8036008000,48181.5500101927,0.5552859865580202,1,1,1,0
3204906,13909.59090909091,0.0,123752,45250,2947644000,23818.960501648457,0.30739427423405324,1,0,1,0
3205002,108956.68181818182,0.0,520653,192031,37279406000,71601.2507370552,0.5673911077804199,1,1,1,0
3205101,6808.090909090909,0.0,73423,25572,4227568000,57578.25204636149,0.266232242651764,0,0,1,0
3205200,129785.95454545454,0.0,467722,177185,16305842000,34862.25150837463,0.7324883852778427,1,1,1,0
3205309,118752.40909090909,0.0,322869,128687,31423573000,97326.07652019859,0.9228003535004242,1,1,1,0
3300100,34920.09090909091,0.0,167434,62147,11194244000,66857.65137307835,0.5618950377184886,1,1,1,0
3300209,40342.818181818184,0.0,129671,48162,4234265000,32653.908738268387,0.837648315722316,1,1,1,0
3300308,26456.727272727272,0.0,92883,35002,2713911000,29218.597590517104,0.7558633013178467,1,1,1,0
3300407,34281.545454545456,0.0,169894,62922,6449309000,37960.78142842007,0.5448260617041012,1,1,1,0
3300456,53768.13636363636,0.0,483087,181003,8839808000,18298.583898966437,0.2970566032808095,1,0,1,0
3300704,67179.59090909091,0.0,222161,82032,12359627000,55633.64857018108,0.8189437159778002,1,1,1,0
3300803,4039.3636363636365,0.0,56943,22276,1305514000,22926.681067031943,0.1813325388922444,0,0,1,0
3301009,84417.81818181818,0.0,483540,175823,37179860000,76890.97075733135,0.4801295517754684,1,0,1,0
3301702,144714.77272727274,0.0,808161,298216,53136666000,65750.09929952076,0.4852683046089839,1,0,1,0
3301850,9997.136363636364,0.0,51696,18504,1364014000,26385.290931600124,0.5402689344809968,1,1,1,0
3301900,20360.727272727272,0.0,224267,86601,5640738000,25151.885921691555,0.2351096092738799,0,0,1,0
3302007,20772.727272727272,0.0,116841,42299,10502749000,89889.242645989,0.491092632750828,1,1,1,0
3302205,21206.18181818182,0.0,101041,38497,3394972000,33599.94457695391,0.5508528409533683,1,1,1,0
3302270,3547.3636363636365,0.0,96289,32116,1530205000,15891.794493659712,0.11045471529342497,0,0,0,0
3302403,54973.818181818184,0.0,246391,92748,17747016000,72027.85816040359,0.5927224110688983,1,1,1,0
3302502,31875.0,0.0,228127,82946,4765844000,20891.18780328501,0.38428616208135413,1,0,1,0
3302700,17684.727272727272,0.0,197277,73486,85814296000,434993.92225145356,0.24065437325105832,0,0,1,0
3302858,30536.636363636364,0.0,167127,62693,2619229000,15672.087693789752,0.48708207237867646,1,1,1,0
3303203,41658.0,0.0,146774,57016,3059486000,20844.87715807977,0.7306370141714607,1,1,1,0
3303302,185584.68181818182,0.0,481749,194537,66345730000,137718.45919763195,0.9539814113417079,1,1,1,0
3303401,50003.13636363636,0.0,189939,76609,6324935000,33299.82257461606,0.6527057703877659,1,1,1,0
3303500,133998.13636363635,0.0,785867,287703,17794593000,22643.262791286565,0.46575161316926256,1,0,1,0
3303906,100819.95454545454,0.0,278881,108278,15665448000,56172.518027402366,0.9311213223873228,1,1,1,0
3304144,18365.954545454544,0.0,140523,51238,4361718000,31039.17508165923,0.358444017047007,1,0,1,0
3304201,36644.0,0.0,129612,48317,10754410000,82973.87587569052,0.758408013742575,1,1,1,0
3304300,9500.09090909091,0.0,56276,21197,1831415000,32543.446584689744,0.4481809175397891,1,0,1,0
3304524,50747.045454545456,0.0,156491,59081,8949070000,57185.8445533609,0.8589401915090377,1,1,1,0
3304557,1731738.8636363635,0.0,6211223,2439321,359634753000,57900.79554380836,0.7099265999170932,1,1,1,0
3304904,93141.5,0.0,896744,358229,20324883000,22665.200993817634,0.26000547136049845,0,0,1,0
3305109,81896.09090909091,0.0,440962,168823,8963782000,20327.78788194901,0.4851003175461336,1,0,1,0
3305208,26200.272727272728,0.0,104029,38357,2743661000,26374.00148035644,0.6830636579313484,1,1,1,0
3305505,19398.045454545456,0.0,89559,34157,42178208000,470954.43227369664,0.5679083483486681,1,1,1,0
3305554,14934.954545454546,0.0,80596,29328,4777037000,59271.39063973398,0.5092387665525964,1,1,1,0
3305802,49839.59090909091,0.0,165123,64438,5923947000,35875.96518958594,0.7734503074131865,1,1,1,0
3306008,22410.272727272728,0.0,78346,28437,6348173000,81027.40407934037,0.7880674025837018,1,1,1,0
3306107,15962.0,0.0,68088,25923,3122612000,45861.4146398778,0.6157466342630097,1,1,1,0
3306305,91393.90909090909,0.0,261563,98008,19671281000,75206.66531581302,0.9325147854349551,1,1,1,0
3501608,89431.81818181818,0.0,237240,89238,15217280000,64142.97757545102,1.0021719243127163,1,1,1,0
3501905,16452.227272727272,0.0,68008,24500,5152156000,75758.08728384896,0.6715194805194805,1,1,1,0
3502101,19251.31818181818,0.0,59783,21920,2845285000,47593.54666042186,0.8782535666887856,1,1,1,0
3502804,67342.90909090909,0.0,200124,77823,9017958000,45061.851651975776,0.8653342725275187,1,1,1,0
3503208,88799.77272727272,0.0,242228,92548,11953237000,49347.04906121505,0.9594996404814012,1,1,1,0
3503307,44375.681818181816,0.0,130866,47985,6942567000,53050.96052450599,0.9247823657014028,1,1,1,0
3503802,11408.045454545454,0.0,51456,18155,1721737000,33460.373911691546,0.6283693447835558,1,1,1,0
3503901,24822.590909090908,0.0,86678,29352,8293370000,95680.21874062622,0.8456865259297802,1,1,1,0
3504008,21131.68181818182,0.0,101409,38179,4082516000,40257.925825124,0.5534896623322199,1,1,1,0
3504107,52624.86363636364,0.0,158647,56538,8361032000,52702.112236600755,0.9307874993166302,1,1,1,0
3504503,29877.5,0.0,92805,33529,3278922000,35331.30758041054,0.8910942765963793,1,1,1,0
3505500,34282.454545454544,0.0,122485,46346,5903516000,48197.86912683186,0.7397068688873807,1,1,1,0
3505708,110334.59090909091,0.0,316473,109502,58027667000,183357.401737273,1.0076034310705824,1,1,1,0
3505906,21368.909090909092,0.0,58402,21436,2416803000,41382.19581521181,0.9968701759147738,1,1,1,0
3506003,147722.45454545456,0.0,379146,140197,16721368000,44102.71504908399,1.0536777145406433,1,1,1,0
3506102,18434.409090909092,0.0,76373,28046,4080485000,53428.37128304505,0.657291916526745,1,1,1,0
3506359,23955.590909090908,0.0,64188,22779,2067677000,32212.82794291768,1.051652439048725,1,1,1,0
3506508,31389.045454545456,0.0,118979,45380,3947388000,33177.18252800914,0.6916933771385072,1,1,1,0
3507001,22789.090909090908,0.0,61081,21722,3393229000,55552.93790212996,1.0491248922332617,1,1,1,0
3507506,47582.818181818184,0.0,145155,54443,5979359000,41192.92480451931,0.8739933174479397,1,1,1,0
3507605,57446.181818181816,0.0,176811,63458,7954300000,44987.585614017225,0.9052630372558513,1,1,1,0
3508504,20880.0,0.0,96202,33680,5214553000,54204.205733768526,0.6199524940617577,1,1,1,0
3509007,23259.68181818182,0.0,95032,32690,4858858000,51128.651401633135,0.7115228454628884,1,1,1,0
3509205,15220.181818181818,0.0,92689,32644,22713160000,245046.9850791356,0.46624745184970645,1,0,1,0
3509502,408340.3181818182,0.0,1139047,429769,72946775000,64041.93593416251,0.9501390704816266,1,1,1,0
3509601,12329.954545454546,0.0,77632,26759,2530950000,32601.890972794725,0.4607778521415055,1,0,1,0
3510401,16503.090909090908,0.0,50068,17200,2990810000,59734.960453782856,0.9594820295983086,1,1,1,0
3510500,48343.0,0.0,134873,48703,4532236000,33603.730917233246,0.9926082582181796,1,1,1,0
3510609,83286.95454545454,0.0,386984,136868,6854706000,17713.15093130465,0.6085202863010678,1,1,1,0
3511102,26655.81818181818,0.0,115791,44076,5218361000,45067.06911590711,0.6047694478132811,1,1,1,0
3512803,9095.227272727272,0.0,59773,21686,2109640000,35294.196376290296,0.419405481542344,1,0,1,0
3513009,77881.63636363637,0.0,274413,95990,16114165000,58722.30907427855,0.8113515612421749,1,1,1,0
3513405,17632.545454545456,0.0,74961,26799,3182373000,42453.71593228479,0.6579553511155437,1,1,1,0
3513504,21518.5,0.0,112476,40105,21946472000,195121.37700487216,0.5365540456302207,1,1,1,0
3513801,89000.45454545454,0.0,393237,144855,18484356000,47005.637821466444,0.6144106488934075,1,1,1,0
3515004,41601.545454545456,0.0,250691,88081,14314754000,57101.18831549597,0.4723100947371789,1,0,1,0
3515103,10505.59090909091,0.0,66970,23405,1456125000,21742.944602060623,0.4488609659940572,1,0,1,0
3515509,12328.818181818182,0.0,71186,27624,2468766000,34680.49897451746,0.44630821683384675,1,0,1,0
3515707,23985.18181818182,0.0,179198,61480,4740673000,26454.94369356801,0.3901298278819424,1,0,1,0
3516200,118887.68181818182,0.0,352536,127970,11276086000,31985.629836385502,0.9290277550846434,1,1,1,0
3516309,33768.27272727273,0.0,165139,57700,1872467000,11338.732825074634,0.5852386954466677,1,1,1,0
3516408,29122.409090909092,0.0,144849,49347,4297871000,29671.388825604594,0.590155614138835,1,1,1,0
3518404,27783.727272727272,0.0,118044,41976,7877882000,66736.82694588459,0.6618955420413396,1,1,1,0
3518701,108974.95454545454,0.0,287634,99516,10494252000,36484.741025052674,1.0950495854481144,1,1,1,0
3518800,378754.0,0.0,1291771,450963,77376467000,59899.52321270566,0.8398782161729454,1,1,1,0
3519071,70981.54545454546,0.0,236641,80835,18377822000,77661.19142498553,0.878104106569499,1,1,1,0
3519600,14880.5,0.0,60033,22225,1965223000,32735.712025052886,0.6695388076490438,1,1,1,0
3519709,18123.772727272728,0.0,75605,26366,2370586000,31354.883936247603,0.6873918200437202,1,1,1,0
3520509,89740.27272727272,0.0,255748,90767,22817117000,89217.18644916089,0.9886883198439159,1,1,1,0
3522109,36250.22727272727,0.0,112476,41993,2369275000,21064.716028308263,0.8632445234378889,1,1,1,0
3522208,19420.5,0.0,158522,54590,4909299000,30969.19670455836,0.3557519692251328,1,0,1,0
3522307,39194.09090909091,0.0,157790,54564,6359723000,40304.981304265166,0.7183141065371108,1,1,1,0
3522406,18013.590909090908,0.0,89728,31785,3788992000,42227.53209700428,0.5667324495545354,1,1,1,0
3522505,34389.90909090909,0.0,232297,81955,12854995000,55338.61823441542,0.41961941420180693,1,0,1,0
3522604,15239.181818181818,0.0,72022,26207,4756331000,66039.97389686485,0.5814928003274629,1,1,1,0
3523107,64375.27272727273,0.0,369275,122210,9519618000,25779.21061539503,0.5267594528047846,1,1,1,0
3523404,30950.863636363636,0.0,121590,43760,8245498000,67813.94851550293,0.7072866461691873,1,1,1,0
3523909,53391.045454545456,0.0,168240,59575,10540813000,62653.42962434617,0.896198832640293,1,1,1,0
3524006,18329.68181818182,0.0,70616,23696,8423279000,119282.86790529058,0.773534850530968,1,1,1,0
3524303,20087.409090909092,0.0,71821,27402,3601183000,50141.08686874313,0.7330636118133381,1,1,1,0
3524402,63848.59090909091,0.0,240275,85094,16094435000,66983.39402767662,0.7503301162137274,1,1,1,0
3524709,20293.545454545456,0.0,59347,21463,13981302000,235585.65723625457,0.9455129969969461,1,1,1,0
3525003,21812.136363636364,0.0,118045,42021,4908360000,41580.41424880342,0.5190770415657971,1,1,1,0
3525300,47011.86363636364,0.0,133497,48537,5582395000,41816.63258350375,0.9685778609383283,1,1,1,0
3525904,146504.04545454544,0.0,443221,163257,57670893000,130117.69072313812,0.8973829327657953,1,1,1,0
3526704,27649.363636363636,0.0,98161,35773,4101867000,41787.1354203808,0.7729115152870499,1,1,1,0
3526803,20553.045454545456,0.0,66505,22831,4924228000,74042.97421246523,0.9002253714049081,1,1,1,0
3526902,74179.09090909091,0.0,291869,104470,16060739000,55027.217690128105,0.7100516024609066,1,1,1,0
3527108,23345.727272727272,0.0,74779,28443,6763890000,90451.73110097754,0.82078990516919,1,1,1,0
3527207,22860.954545454544,0.0,84855,30034,3876663000,45685.734488244656,0.7611691598007106,1,1,1,0
3527306,15059.772727272728,0.0,51847,17904,19677151000,379523.42469188187,0.8411401210496385,1,1,1,0
3528403,10089.181818181818,0.0,50027,17033,2695116000,53873.22845663342,0.5923314635226805,1,1,1,0
3528502,18193.81818181818,0.0,93853,33065,2288092000,24379.529690047202,0.5502440097328952,1,1,1,0
3529005,76494.95454545454,0.0,237627,88426,9755960000,41055.77228176933,0.8650731068402342,1,1,1,0
3529302,20549.18181818182,0.0,79033,28828,5356571000,67776.38454822669,0.7128202379000215,1,1,1,0
3529401,90644.72727272728,0.0,418261,152723,20776213000,49672.84303341693,0.593523747390552,1,1,1,0
3530300,18896.727272727272,0.0,63337,23223,2660334000,42002.84194072975,0.8137074138882691,1,1,1,0
3530508,19065.363636363636,0.0,67681,24702,3043692000,44971.14404337997,0.77181457519082,1,1,1,0
3530607,126287.72727272728,0.0,451505,158772,19604517000,43420.37629705097,0.7954030135838012,1,1,1,0
3530706,38426.5,0.0,153658,54741,6865386000,44679.65221465853,0.7019692734878793,1,1,1,0
3530805,27882.227272727272,0.0,92558,33807,6313564000,68211.97519393245,0.8247471610236717,1,1,1,0
3531100,27391.636363636364,0.0,61951,21597,1254605000,20251.569789026813,1.2683074669461667,1,1,1,0
3531803,15326.59090909091,0.0,64662,22410,4317764000,66774.3651603724,0.6839174881343556,1,1,1,0
3533403,21191.863636363636,0.0,62019,22203,4020494000,64826.81113852207,0.9544594710788469,1,1,1,0
3533908,7651.363636363636,0.0,55074,20422,2551145000,46322.13022478847,0.37466279680558395,1,0,1,0
3534401,213882.13636363635,0.0,728615,262163,86111260000,118184.85757224323,0.8158364695385556,1,1,1,0
3534708,33590.181818181816,0.0,103970,38017,3961571000,38103.02010195248,0.8835568776647768,1,1,1,0
3536505,38477.681818181816,0.0,110537,37937,52389437000,473953.8525561577,1.0142520973767513,1,1,1,0
3537305,9978.727272727272,0.0,61679,23221,2082458000,33762.836621864815,0.4297285764061527,1,0,1,0
3537602,18257.045454545456,0.0,68352,25033,1966247000,28766.48817883895,0.7293191169474476,1,1,1,0
3537800,6281.545454545455,0.0,52970,19065,1597083000,30150.707947895036,0.32948048542069003,1,0,1,0
3538006,42064.954545454544,0.0,165428,58021,13742498000,83072.38194259738,0.7249953386783156,1,1,1,0
3538709,136272.31818181818,0.0,423323,155991,34555724000,81629.68702385649,0.8735909006405381,1,1,1,0
3539301,25971.636363636364,0.0,73545,27614,3312332000,45038.16710857298,0.9405242400100081,1,1,1,0
3539806,31483.136363636364,0.0,103765,35383,3769347000,36325.8034982894,0.8897814307333003,1,1,1,0
3540606,10448.136363636364,0.0,56497,18666,3754666000,66457.79421916208,0.5597415816798652,1,1,1,0
3540705,7868.454545454545,0.0,52649,19059,2495873000,47405.89564854033,0.4128471874418671,1,0,1,0
3541000,133610.45454545456,0.0,349935,130107,8727831000,24941.29195422007,1.0269274869565401,1,1,1,0
3541406,82120.90909090909,0.0,225668,85285,9242192000,40954.81858305121,0.9628997958715962,1,1,1,0
3542602,12577.318181818182,0.0,59947,21377,2357409000,39324.886983502096,0.5883574955240765,1,1,1,0
3543303,30866.81818181818,0.0,115559,41517,3891003000,33671.137687242015,0.7434741956744991,1,1,1,0
3543402,258254.68181818182,0.0,698642,266310,39955572000,57190.33782681259,0.9697521002522692,1,1,1,0
3543907,58338.59090909091,0.0,201418,74169,13245336000,65760.43849109812,0.7865629967923379,1,1,1,0
3545209,31350.31818181818,0.0,134319,46810,9303487000,69264.11751129774,0.6697354877551417,1,1,1,0
3545803,55051.77272727273,0.0,183347,66089,7825507000,42681.40193185599,0.8329944881489012,1,1,1,0
3546801,14277.136363636364,0.0,53174,18744,1658733000,31194.43713092865,0.7616910138517053,1,1,1,0
3547304,39314.454545454544,0.0,154105,52324,11544903000,74915.823626748,0.7513656170295571,1,1,1,0
3547809,246347.36363636365,0.0,748919,280600,32620295000,43556.50611080771,0.8779307328452018,1,1,1,0
3548500,179836.5,0.0,418608,167537,24090173000,57548.28622482131,1.0734136340032352,1,1,1,0
3548708,223851.86363636365,0.0,810729,300763,58277014000,71882.2368510316,0.7442799268406142,1,1,1,0
3548807,70405.68181818182,0.0,165655,62021,15566768000,93971.01204310163,1.1351910130146534,1,1,1,0
3548906,95548.36363636363,0.0,254857,96794,14141854000,55489.368547852326,0.9871310580858693,1,1,1,0
3549102,32762.863636363636,0.0,92547,34681,4135190000,44682.05344311539,0.9446920110828303,1,1,1,0
3549706,16076.545454545454,0.0,52205,18759,2375167000,45496.92558184082,0.8570043954659339,1,1,1,0
3549805,158039.13636363635,0.0,480393,185696,20962617000,43636.39145449663,0.8510637620823085,1,1,1,0
3549904,245874.81818181818,0.0,697054,247953,45208808000,64856.96660516976,0.9916186462023778,1,1,1,0
3550308,3865107.0454545454,0.0,11451999,4316336,828980608000,72387.41533246728,0.8954601878664092,1,1,1,0
3550605,20073.636363636364,0.0,79484,28480,3450779000,43414.76271954104,0.7048327374872319,1,1,1,0
3550704,33971.86363636364,0.0,81595,28999,16008645000,196196.39683804155,1.1714839696666657,1,1,1,0
3551009,87984.77272727272,0.0,329911,119823,6121259000,18554.273728369168,0.7342895164306746,1,1,1,0
3551702,33773.22727272727,0.0,126887,45884,7109022000,56026.40144380433,0.7360567359586625,1,1,1,0
3552205,233141.18181818182,0.0,723682,261723,44533398000,61537.24702286363,0.8907936322683976,1,1,1,0
3552403,81411.45454545454,0.0,279545,98591,16179892000,57879.38256810173,0.8257493538502961,1,1,1,0
3552502,56875.86363636364,0.0,307429,105797,14811514000,48178.649379206254,0.5375942950779666,1,1,1,0
3552809,64011.36363636364,0.0,273542,99452,10291072000,37621.54257847058,0.6436407878812255,1,1,1,0
3553708,6543.272727272727,0.0,52260,19823,1660014000,31764.52353616533,0.33008488761906507,1,0,1,0
3554003,36092.545454545456,0.0,123942,44211,5076193000,40956.197253554084,0.8163702575048168,1,1,1,0
3554102,89368.36363636363,0.0,310739,112880,16199986000,52133.739247406986,0.791711229946524,1,1,1,0
3554805,9482.318181818182,0.0,51173,15171,896634000,17521.62273073691,0.6250292124328114,1,1,1,0
3555000,17324.18181818182,0.0,63928,24080,2213337000,34622.340758353144,0.7194427665357899,1,1,1,0
3555406,35173.818181818184,0.0,92981,34052,2705941000,29102.08537228036,1.032944267056801,1,1,1,0
3556206,45070.318181818184,0.0,126373,46375,7969200000,63060.93864986983,0.9718666993383975,1,1,1,0
3556453,10896.272727272728,0.0,50415,17659,2898203000,57486.91857582069,0.6170379255491664,1,1,1,0
3556503,17251.772727272728,0.0,115771,40513,3965839000,34255.893099308116,0.42583300983073896,1,0,1,0
3556701,28160.5,0.0,76540,27418,12557909000,164069.88502743663,1.0270807498723467,1,1,1,0
3557006,37207.13636363636,0.0,127923,44484,3919236000,30637.461597992544,0.8364161578013749,1,1,1,0
3557105,10924.363636363636,0.0,96634,37358,3862540000,39970.81772461039,0.29242367461758223,1,0,1,0
4100400,21002.545454545456,0.0,119825,40809,1936374000,16160.016691007719,0.5146547441629409,1,1,1,0
4101408,35773.13636363636,0.0,130134,48148,3874314000,29771.727603854488,0.7429828105764801,1,1,1,0
4101507,26213.454545454544,0.0,119138,43982,4954206000,41583.76000940086,0.5960041504582453,1,1,1,0
4101804,32287.363636363636,0.0,151666,53290,25267382000,166598.8553795841,0.6058803459629131,1,1,1,0
4103701,28108.590909090908,0.0,107208,39170,5030074000,46918.830684277294,0.717605078097802,1,1,1,0
4104204,31336.954545454544,0.0,136327,49366,5733422000,42056.393817805714,0.6347882053529665,1,1,1,0
4104303,26372.590909090908,0.0,99432,37361,5147486000,51768.907393997906,0.7058855734346219,1,1,1,0
4104808,106252.54545454546,0.0,348051,129973,15787528000,45359.81221142878,0.817497060578316,1,1,1,0
4104907,11610.59090909091,0.0,73075,25041,3631342000,49693.35614095108,0.46366322866861986,1,0,1,0
4105508,19856.636363636364,0.0,79527,29535,3039868000,38224.35147811435,0.6723086630653924,1,1,1,0
4105805,64708.22727272727,0.0,232212,81745,5694200000,24521.557886758652,0.7915863633583372,1,1,1,0
4106902,688032.0,0.0,1773718,686115,98003704000,55253.26122867333,1.0027939922607727,1,1,1,0
4107652,24252.0,0.0,148873,50446,3312466000,22250.280440375354,0.48075169488165564,1,0,1,0
4108304,81244.5,0.0,285415,100320,18969765000,66463.79832874937,0.8098534688995215,1,1,1,0
4108403,27596.727272727272,0.0,96666,36870,3694721000,38221.51532079532,0.7484873141504549,1,1,1,0
4109401,38293.63636363636,0.0,182093,64014,8309342000,45632.40761588859,0.598207210354553,1,1,1,0
4109807,7983.227272727273,0.0,51603,18790,3313526000,64211.88690580005,0.4248657409647298,1,0,1,0
4110706,14143.90909090909,0.0,59250,21736,2286299000,38587.324894514764,0.650713520928832,1,1,1,0
4113700,198495.68181818182,0.0,555965,209517,23604749000,42457.25720144254,0.9473965445199283,1,1,1,0
4114609,15085.40909090909,0.0,55836,21061,2923901000,52365.875062683575,0.7162722136132705,1,1,1,0
4115200,156284.77272727274,0.0,409657,156564,22656733000,55306.59307664705,0.9982165295168285,1,1,1,0
4115804,14303.545454545454,0.0,54369,19557,2442131000,44917.71046000478,0.7313772794674773,1,1,1,0
4118204,45335.5,0.0,145829,49033,13647352000,93584.62308594312,0.9245916015744499,1,1,1,0
4118402,22726.090909090908,0.0,92001,34325,3179966000,34564.472125302986,0.6620856783420512,1,1,1,0
4118501,28151.81818181818,0.0,91836,34343,4548297000,49526.296877041685,0.8197250729935701,1,1,1,0
4119152,40705.954545454544,0.0,127019,45901,7963215000,62693.10103212905,0.8868206475992798,1,1,1,0
4119509,18116.590909090908,0.0,118730,38054,1544009000,13004.371262528426,0.4760758634858598,1,0,1,0
4119905,111153.13636363637,0.0,358371,127711,19490853000,54387.36114250316,0.8703489626080476,1,1,1,0
4122404,18348.18181818182,0.0,71670,25787,3575090000,49882.6566206223,0.7115283599558623,1,1,1,0
4125506,100109.90909090909,0.0,329628,117187,27009658000,81939.81700583689,0.8542748691485326,1,1,1,0
4126256,25292.954545454544,0.0,118455,42865,2072897000,17499.447047401965,0.5900607615876483,1,1,1,0
4127106,18070.227272727272,0.0,75042,26431,4913583000,65477.77244742944,0.6836755050027343,1,1,1,0
4127700,41693.954545454544,0.0,150470,56405,7482485000,49727.42074832192,0.7391889822791339,1,1,1,0
4128104,37029.86363636364,0.0,117095,44280,4103804000,35046.79106708228,0.8362661164490434,1,1,1,0
4128203,15348.272727272728,0.0,55033,19993,1959262000,35601.58450384315,0.7676823251774485,1,1,1,0
4201406,25538.545454545456,0.0,71922,26777,2384838000,33158.67189455243,0.9537493167474121,1,1,1,0
4202008,66620.81818181818,0.0,139155,57886,7357101000,52869.828608386335,1.1508969039460004,1,1,1,0
4202305,25378.454545454544,0.0,76773,28306,2669788000,34775.090200982115,0.8965750916927345,1,1,1,0
4202404,135097.68181818182,0.0,361261,137313,20576440000,56957.26912121707,0.9838666536903412,1,1,1,0
4202909,44689.40909090909,0.0,141385,50282,8723259000,61698.61725076917,0.8887754880654923,1,1,1,0
4203006,17981.272727272728,0.0,73720,26336,4702908000,63794.19424850787,0.6827640008836849,1,1,1,0
4203204,21698.727272727272,0.0,103074,36489,2242100000,21752.333275122728,0.5946648927821335,1,1,1,0
4203808,13698.227272727272,0.0,55016,19739,2202873000,40040.58819252581,0.6939676413560601,1,1,1,0
4204202,78471.81818181818,0.0,254785,92930,13693104000,53743.760425456756,0.8444185750760591,1,1,1,0
4204301,23705.954545454544,0.0,81646,30425,4559276000,55842.00083286383,0.7791603794726226,1,1,1,0
4204608,74306.13636363637,0.0,214493,79804,10063805000,46919.03698488995,0.9311079189468744,1,1,1,0
4205407,240724.27272727274,0.0,537211,219824,23555034000,43846.89442323407,1.09507730151063,1,1,1,0
4205902,16746.727272727272,0.0,72570,25858,4156791000,57279.74369574204,0.6476420168894451,1,1,1,0
4207007,13072.954545454546,0.0,59035,21103,3521296000,59647.59888201914,0.6194832272878048,1,1,1,0
4207304,14949.681818181818,0.0,52579,19958,2502431000,47593.735141406265,0.7490571108418588,1,1,1,0
4207502,21134.18181818182,0.0,71549,25821,3675475000,51370.040112370545,0.8184881227753309,1,1,1,0
4208203,88993.27272727272,0.0,264054,94076,47754802000,180852.40897695167,0.945972115388332,1,1,1,0
4208302,30845.68181818182,0.0,75940,27435,2888726000,38039.58388201211,1.124318637440562,1,1,1,0
4208906,57006.72727272727,0.0,182660,66390,12052185000,65981.52304828643,0.8586643662106834,1,1,1,0
4209102,197262.68181818182,0.0,616317,222036,45069864000,73127.73134604433,0.8884265696471826,1,1,1,0
4209300,50132.045454545456,0.0,164981,59954,6576476000,39862.02047508501,0.8361751585306311,1,1,1,0
4210100,13316.5,0.0,55286,20082,2489951000,45037.64063234815,0.6631062643163032,1,1,1,0
4211306,24572.409090909092,0.0,86401,29451,6142276000,71090.33460260877,0.834348887674751,1,1,1,0
4211900,73815.95454545454,0.0,222598,81754,8208640000,36876.52180163344,0.9029032774598741,1,1,1,0
4214805,22462.409090909092,0.0,72587,27422,3689822000,50833.096835521515,0.8191382499784513,1,1,1,0
4215802,25946.045454545456,0.0,83277,30058,4697015000,56402.30796018108,0.863199329780606,1,1,1,0
4216206,10780.90909090909,0.0,52674,19378,8516095000,161675.49455139157,0.5563478734084575,1,1,1,0
4216602,100834.09090909091,0.0,270299,105666,13838193000,51195.87197880865,0.9542718652082118,1,1,1,0
4218004,16146.09090909091,0.0,51592,18243,2437804000,47251.58939370445,0.8850567839221022,1,1,1,0
4218707,28161.18181818182,0.0,110088,42136,4816733000,43753.47903495385,0.6683401798505273,1,1,1,0
4219309,17732.68181818182,0.0,55466,20549,3455717000,62303.338982439695,0.8629462172456966,1,1,1,0
4219507,14410.5,0.0,51607,19322,2676948000,51871.800337163564,0.7458078873822586,1,1,1,0
4300406,13680.545454545454,0.0,72409,28255,3079871000,42534.36727478628,0.4841813999131288,1,0,1,0
4300604,52108.681818181816,0.0,187315,68868,3302248000,17629.383658543094,0.7566457835015075,1,1,1,0
4301602,19606.0,0.0,117938,45327,3748409000,31782.877444080787,0.43254572329957863,1,0,1,0
4302105,31902.909090909092,0.0,123151,48821,7498499000,60888.657014559365,0.6534669320765468,1,1,1,0
4303004,16996.863636363636,0.0,80070,31810,3542693000,44244.948170350945,0.5343245405961533,1,1,1,0
4303103,25929.363636363636,0.0,136258,52524,6458476000,47398.87566234643,0.4936669643660733,1,1,1,0
4303509,12908.636363636364,0.0,62200,23879,2723662000,43788.77813504823,0.5405852993691681,1,1,1,0
4303905,20962.136363636364,0.0,62886,24064,3600068000,57247.527271570776,0.8710994167069632,1,1,1,0
4304606,112232.31818181818,0.0,347657,132852,21995362000,63267.421625337614,0.8447920857933503,1,1,1,0
4304630,30406.590909090908,0.0,63594,23892,1966012000,30915.054879391137,1.2726682952072204,1,1,1,0
4304705,9676.545454545454,0.0,61804,24239,3846847000,62242.68655750437,0.3992138889618158,1,0,1,0
4305108,165585.95454545456,0.0,463501,184911,31688460000,68367.6194873366,0.8954900170647206,1,1,1,0
4306106,16100.045454545454,0.0,58913,22776,4609384000,78240.52416274846,0.7068864354823259,1,1,1,0
4307005,32073.0,0.0,105705,42134,6882611000,65111.49898301878,0.7612142212939669,1,1,1,0
4307708,23205.272727272728,0.0,76137,29293,3749878000,49251.71729907929,0.7921780878459949,1,1,1,0
4307906,19533.590909090908,0.0,70286,27014,4398447000,62579.27610050366,0.7230913936881213,1,1,1,0
4309209,59320.181818181816,0.0,265074,101807,10261618000,38712.27657182523,0.5826729185437329,1,1,1,0
4309308,22046.227272727272,0.0,92924,35172,8284804000,89156.77327708666,0.6268118751486202,1,1,1,0
4310207,23772.136363636364,0.0,84780,32543,5190378000,61221.726822363766,0.7304838633081266,1,1,1,0
4311403,36196.77272727273,0.0,93646,37983,5596169000,59758.76171966769,0.9529729807354008,1,1,1,0
4312401,16772.909090909092,0.0,64322,24351,5752330000,89430.21050340474,0.6887975479819758,1,1,1,0
4313409,67882.68181818182,0.0,227646,89881,10037889000,44094.29113623784,0.7552506293675173,1,1,1,0
4314050,4849.590909090909,0.0,52058,19890,1390312000,26706.980675400515,0.24382055852644088,0,0,1,0
4314100,59406.454545454544,0.0,206215,81782,12552833000,60872.55049341707,0.726400119163808,1,1,1,0
4314407,102689.63636363637,0.0,325685,130769,10778119000,33093.69175737292,0.7852750756191175,1,1,1,0
4314902,511573.0,0.0,1332845,558607,81562848000,61194.548503389364,0.9158012699447017,1,1,1,0
4315602,67622.22727272728,0.0,191900,74628,13282154000,69213.9343408025,0.9061240723686456,1,1,1,0
4316808,41616.681818181816,0.0,133230,53660,9815170000,73670.86992419125,0.7755624639989157,1,1,1,0
4316907,91972.31818181818,0.0,271735,106342,9562027000,35188.79422967229,0.8648729399655656,1,1,1,0
4317103,17905.5,0.0,84421,31797,2823913000,33450.36187678421,0.5631191621851118,1,1,1,0
4317202,22791.68181818182,0.0,76963,30018,3732037000,48491.31400802983,0.7592671669725438,1,1,1,0
4317509,26342.136363636364,0.0,76917,29701,3180262000,41346.67238711858,0.8869107559892382,1,1,1,0
4318002,14196.636363636364,0.0,59676,22591,2570755000,43078.54078691601,0.6284200063581233,1,1,1,0
4318309,7692.227272727273,0.0,58487,22311,2723183000,46560.483526253694,0.34477285969823285,1,0,1,0
4318705,67859.63636363637,0.0,217409,84225,10855366000,49930.61924759325,0.8056947030410967,1,1,1,0
4319901,13174.272727272728,0.0,75648,28742,3615584000,47794.83925549915,0.45836311764222143,1,0,1,0
4320008,38013.5,0.0,132107,50197,4204060000,31823.14336106338,0.7572862920094826,1,1,1,0
4321204,9571.227272727272,0.0,53242,20895,1568872000,29466.81191540513,0.458063042485153,1,0,1,0
4321600,21634.636363636364,0.0,54387,21102,1234544000,22699.247982054534,1.0252410370408664,1,1,1,0
4322400,24838.045454545456,0.0,117210,41743,3717091000,31713.087620510196,0.595023008757048,1,1,1,0
4322509,16986.727272727272,0.0,64197,23657,3245665000,50557.89211333863,0.7180423245858424,1,1,1,0
4322608,9345.454545454546,0.0,68763,27694,3732030000,54273.810043191836,0.33745412527820273,1,0,1,0
4323002,68676.90909090909,0.0,224112,84626,4335050000,19343.230170628973,0.8115343876693816,1,1,1,0
5002704,246137.9090909091,0.0,898100,325986,34731151000,38671.8082618862,0.7550566867623428,1,1,1,0
5003207,9350.818181818182,0.0,96268,30169,3907866000,40593.61366186064,0.30994789955975277,1,0,1,0
5003702,68797.45454545454,0.0,243367,86034,12595690000,51755.94883447632,0.7996542593097443,1,1,1,0
5005707,7266.227272727273,0.0,50457,18588,3013280000,59719.76138097786,0.3909095799831759,1,0,1,0
5006606,9268.227272727272,0.0,92017,30494,5024604000,54605.17078365954,0.3039360947310052,1,0,1,0
5008305,31032.136363636364,0.0,132152,47982,13058332000,98812.97294025062,0.6467453704229995,1,1,1,0
5100250,12353.772727272728,0.0,58613,20963,2111882000,36030.948765632194,0.5893132055179472,1,1,1,0
5101803,8302.818181818182,0.0,69210,25297,2567246000,37093.570293310215,0.3282135502952201,1,0,1,0
5102504,12818.681818181818,0.0,89681,31122,2264674000,25252.550707507722,0.411884898727004,1,0,1,0
5103403,177600.0,0.0,650877,232473,29746934000,45702.85015448387,0.7639596856409131,1,1,1,0
5105259,14495.863636363636,0.0,83798,27741,6891564000,82240.19666340486,0.5225429377586834,1,1,1,0
5106224,10484.863636363636,0.0,55839,18180,6036784000,108110.53206540232,0.5767251725172517,1,1,1,0
5106752,4650.5,0.0,52018,18313,2436222000,46834.21123457265,0.2539452847703817,0,0,1,0
5107040,25524.409090909092,0.0,85146,28976,6965242000,81803.51396424964,0.8808810426183424,1,1,1,0
5107602,54133.545454545456,0.0,244911,86954,17295644000,70620.11914532218,0.6225538267882496,1,1,1,0
5107909,52775.90909090909,0.0,196312,68591,9623877000,49023.37605444394,0.7694290663630664,1,1,1,0
5107925,22669.545454545456,0.0,110635,37061,12522633000,113188.71062502825,0.6116819690387593,1,1,1,0
5107958,28398.136363636364,0.0,106434,38068,5585259000,52476.266982355264,0.7459844584332344,1,1,1,0
5108402,44903.36363636364,0.0,300078,103368,9916991000,33048.04417518112,0.43440294517030065,1,0,1,0
5200258,29351.227272727272,0.0,225693,74508,2463152000,10913.72794016651,0.3939339033758425,1,0,1,0
5201108,64346.09090909091,0.0,398869,142381,17788289000,44596.82000857424,0.4519289154387939,1,0,1,0
5201405,126482.72727272728,0.0,527796,187039,16979984000,32171.49050011747,0.6762371872856853,1,1,1,0
5204508,18598.863636363636,0.0,98622,36800,3000886000,30428.16004542597,0.5054039031620553,1,1,1,0
5205109,35249.63636363636,0.0,114427,42448,9916468000,86661.95915299711,0.8304192509337627,1,1,1,0
5205497,12429.454545454546,0.0,91767,31802,1006150000,10964.181023679535,0.3908387694313108,1,0,1,0
5206206,3750.681818181818,0.0,62337,21485,4602318000,73829.6356898792,0.17457211162121564,0,0,1,0
5208004,8340.636363636364,0.0,115901,40901,3247792000,28022.12232853901,0.2039225535717064,0,0,1,0
5208608,7796.681818181818,0.0,73707,26045,1888263000,25618.502991574747,0.2993542644723294,1,0,1,0
5208707,460672.04545454547,0.0,1437366,549509,59865990000,41649.78857159554,0.8383339407626544,1,1,1,0
5208806,3452.2727272727275,0.0,71916,25200,1102687000,15332.985705545358,0.1369949494949495,0,0,1,0
5210000,4926.590909090909,0.0,52204,19588,1406216000,26936.939698107424,0.251510665156775,0,0,1,0
5211503,24195.363636363636,0.0,107970,39796,5324330000,49313.049921274425,0.6079848134577253,1,1,1,0
5211909,22920.590909090908,0.0,105729,38336,7996737000,75634.28198507505,0.5978868663681893,1,1,1,0
5212501,18072.272727272728,0.0,209129,72031,5435386000,25990.5895404272,0.2508957633140277,0,0,1,0
5213103,7897.818181818182,0.0,70081,24831,3288692000,46927.01302778214,0.3180628320171633,1,0,1,0
5213806,3476.681818181818,0.0,51351,19751,1857437000,36171.38906739888,0.17602560975048442,0,0,1,0
5215231,9918.0,0.0,103804,34269,1154068000,11117.760394589804,0.2894160903440427,1,0,1,0
5217609,14836.227272727272,0.0,105031,35264,1453001000,13834.020432062915,0.42071878609140406,1,0,1,0
5218805,48776.59090909091,0.0,225696,80488,16306271000,72248.82585424642,0.6060107209657454,1,1,1,0
5219753,5634.272727272727,0.0,72127,24192,825618000,11446.725914012783,0.2328981782106782,0,0,1,0
5220454,29223.5,0.0,155635,52405,4765089000,30617.078420663733,0.5576471710714627,1,1,1,0
5221403,12355.5,0.0,142431,50689,2666621000,18722.19530860557,0.24375110970822073,0,0,1,0
5221858,45580.13636363636,0.0,198861,71220,2964512000,14907.45797315713,0.6399906818820045,1,1,1,0
5300108,810968.6818181818,0.0,2817381,989344,286943782000,101847.70252940585,0.8197034416928609,1,1,1,0
